k,inertia,silhouette
2,567.0454160311524,0.5108586198131113
3,391.2645323792342,0.4503768989473352
4,220.6123593700542,0.5650881773712558
5,217.26241845419213,0.4898707049366824
6,166.7821379325198,0.5366985470019258
