k,inertia,silhouette
2,567.0454160311524,0.5108586198131113
3,402.6868829025219,0.48497366201731124
4,278.79253684677354,0.5197485176341741
5,108.14036383759358,0.6398971515269132
6,104.87361806441393,0.5656459561393966
