k,inertia,silhouette
2,1811.3313844957092,0.2743594561220043
3,1284.0161082393283,0.27135095741148796
4,1002.0848778301969,0.26931870904136235
5,763.7150403002986,0.3005183390183976
